timestamp,vehicle,groundtruth_x,groundtruth_y,groundtruth_theta,estimation_x,estimation_y,estimation_theta,difference_x,difference_y,difference_theta
3,DU.0,92.0,194.9,3.141592653589793,83.8782731816838,197.95878206825037,2.957225931729291,8.121726818316205,-3.058782068250366,-0.1843667218605023
4,DU.0,92.0,192.75685595781542,3.141592653589793,97.14592584495716,188.79272352599992,2.336935561399335,-5.145925844957162,3.9641324318155,-0.8046570921904579
5,DU.0,92.0,189.20650960281492,3.141592653589793,93.18547493922152,182.14722466260662,2.450030888030031,-1.1854749392215211,7.0592849402083,-0.6915617655597618
6,DU.0,92.0,184.1202716980828,3.141592653589793,97.32275197373309,185.06156881527775,2.8268373151493944,-5.322751973733091,-0.9412971171949494,-0.3147553384403989
6,DU.1,92.0,194.9,3.141592653589793,86.27638145080194,190.39204639703604,-2.9661890398603967,5.723618549198065,4.5079536029639655,0.17540361372939653
7,DU.0,92.0,177.408577470202,3.141592653589793,87.69311516564646,181.0493538883346,3.1070187377957637,4.306884834353539,-3.640776418132589,-0.03457391579402924
7,DU.1,92.0,192.95464248305652,3.141592653589793,95.70134237850948,195.05240102908087,2.901645524985006,-3.70134237850948,-2.0977585460243517,-0.23994712860478737
8,DU.0,92.0,168.57740427583923,3.141592653589793,97.58290207932097,167.56519929789553,-2.582049401084982,-5.582902079320974,1.0122049779436963,0.5595432525048114
8,DU.1,92.0,189.31428018794395,3.141592653589793,95.91088132973607,180.78221689651815,-3.0760833531861356,-3.910881329736071,8.5320632914258,0.06550930040365775
9,DU.0,92.0,158.90047335929285,3.141592653589793,91.39851803491118,156.5356911073053,-3.0642975899808165,0.6014819650888228,2.364782251987549,0.0772950636089768
9,DU.1,92.0,183.3526448226068,3.141592653589793,92.81103729622423,180.05683143617452,-2.785171929031791,-0.811037296224228,3.295813386432286,0.35642072455800206
10,DU.0,92.0,149.23426695355778,3.141592653589793,95.70936506737824,143.3072259743061,-2.9893842036001663,-3.7093650673782435,5.927040979251672,0.15220844998962724
10,DU.1,92.0,176.09036685042082,3.141592653589793,86.58066747951946,168.72710445873975,-2.3432019895299736,5.419332520480538,7.363262391681076,0.7983906640598198
11,DU.0,92.0,138.77893012476767,3.141592653589793,91.66388518268826,135.00854246094514,-3.03386595801465,0.33611481731173853,3.7703876638225324,0.10772669557514332
11,DU.1,92.0,167.99789987162805,3.141592653589793,91.11588058692548,164.43352712333913,3.1041653812790706,0.8841194130745151,3.5643727482889176,-0.03742727231072246
11,DU.2,92.0,194.9,3.141592653589793,91.00850139936615,194.30495677096272,2.907487352295865,0.9914986006338466,0.5950432290372873,-0.23410530129392812
11,LR.0,5.1,92.0,1.5707963267948966,4.490893645042815,93.8878189316046,1.965060587622005,0.6091063549571842,-1.887818931604599,0.3942642608271086
12,DU.0,92.0,128.47854662924735,3.141592653589793,86.52552304746597,127.89673017042605,3.0072020957586574,5.474476952534033,0.5818164588212937,-0.13439055783113554
12,DU.1,92.0,159.45992767073915,3.141592653589793,93.71480212721052,159.76195410774997,2.997902615177418,-1.7148021272105183,-0.30202643701082366,-0.14369003841237488
12,DU.2,92.0,192.91087826546283,3.141592653589793,89.91407572460028,189.77767091549057,2.743146820701839,2.0859242753997194,3.1332073499722526,-0.3984458328879544
12,LR.0,7.018950720666907,92.0,1.5707963267948966,6.726516217996594,90.85097822770871,1.076526796563887,0.29243450267031257,1.1490217722912917,-0.4942695302310096
13,DU.0,92.0,118.17610085855948,3.141592653589793,91.20529803557658,124.52576851549821,3.132447121458834,0.7947019644234246,-6.349667656938735,-0.009145532130958822
13,DU.1,92.0,150.28332622753808,3.141592653589793,91.27512425732958,154.79097100998663,-2.585785546010518,0.7248757426704202,-4.507644782448551,0.5558071075792752
13,DU.2,92.0,188.39647619649767,3.141592653589793,83.60091735119923,186.7671681113804,2.7009544581754117,8.399082648800771,1.629308085117259,-0.4406381954143815
13,LR.0,10.660075501399115,92.0,1.5707963267948966,7.748670992445208,85.74177010993667,1.8130457814542993,2.9114045089539067,6.258229890063333,0.24224945465940273
14,DU.0,92.0,108.76879031848921,3.141592653589793,88.65658355174062,107.97075975072431,3.0990765120426063,3.343416448259376,0.7980305677648971,-0.04251614154718705
14,DU.1,92.0,141.30963897691112,3.141592653589793,89.4076660118395,140.85814410898604,-2.992139924769795,2.5923339881605045,0.45149486792507787,0.1494527288199985
14,DU.2,92.0,182.34872313735542,3.141592653589793,92.75948811098806,194.0003845653639,-2.798999774870301,-0.7594881109880589,-11.651661428008481,0.3425928787194922
14,LR.0,16.303573075984605,92.0,1.5707963267948966,17.088684184461897,90.77206809058121,1.531726046164307,-0.7851111084772917,1.2279319094187855,-0.03907028063058952
14,UD.0,108.0,5.1,0.0,109.24399580693886,3.616794238145686,0.17286136193151508,-1.2439958069388553,1.4832057618543137,0.17286136193151508
15,DU.0,92.0,98.17265942717779,3.141592653589793,92.75765852867131,93.5854724783878,-3.066211603472687,-0.757658528671314,4.5871869487899914,0.07538105011710645
15,DU.1,92.0,132.58530415420543,3.141592653589793,88.69033633720416,120.22562372208,-3.088954406783469,3.309663662795842,12.35968043212543,0.05263824680632428
15,DU.2,92.0,174.84784449953585,3.141592653589793,93.07807470287726,170.8761787276163,3.036539429985217,-1.0780747028772595,3.971665771919561,-0.10505322360457611
15,LR.0,24.388655566191304,92.0,1.5707963267948966,25.225662504384886,98.14702766300663,1.333192048161427,-0.8370069381935821,-6.147027663006625,-0.23760427863346953
15,UD.0,108.0,6.8141260907519605,0.0,108.07115196210104,12.951027010758345,0.15126028230716293,-0.07115196210104102,-6.136900920006385,0.15126028230716293
16,DU.0,92.0,87.97768672035467,3.141592653589793,99.86376618921905,84.78902574879402,-3.004924729508431,-7.863766189219049,3.188660971560651,0.13666792408136233
16,DU.1,92.0,124.43287805196604,3.141592653589793,87.8203260246501,128.4396133666798,-2.3814478166678006,4.1796739753499,-4.006735314713751,0.760144836921993
16,DU.2,92.0,166.00546879752073,3.141592653589793,95.90585932274007,171.65504911064505,-2.4147464618957932,-3.9058593227400706,-5.649580313124318,0.7268461916940001
16,LR.0,34.673407873185354,92.0,1.5707963267948966,41.01728394533202,88.82615628163204,1.9036785802613172,-6.343876072146664,3.173843718367962,0.33288225346642064
16,LR.1,5.1,92.0,1.5707963267948966,-2.9847479942865007,92.64550789855363,1.746286000300469,8.0847479942865,-0.6455078985536318,0.17548967350557249
16,UD.0,108.0,11.050417199148796,0.0,116.76584119320769,11.465849331283884,-0.4088301255512022,-8.765841193207692,-0.4154321321350878,-0.4088301255512022
17,DU.0,92.0,78.2953320144999,3.141592653589793,95.16787671338925,78.89785716845851,-3.0050332077119033,-3.167876713389248,-0.6025251539586094,0.1365594458778902
17,DU.1,92.0,115.554741170531,3.141592653589793,93.23275658498592,123.6826667815278,2.8236427966781683,-1.2327565849859212,-8.127925610996797,-0.3179498569116249
17,DU.2,92.0,156.03351600170748,3.141592653589793,94.85148908798028,157.92431145150468,-3.0879926035364003,-2.8514890879802834,-1.8907954497971957,0.053600050053393265
17,DU.3,92.0,194.9,3.141592653589793,88.90730434606853,197.1158596535032,-2.5095967441137534,3.0926956539314716,-2.215859653503202,0.63199590947604
17,LR.0,44.78231757441922,92.0,1.5707963267948966,45.9083842128799,84.49986842811997,1.5393137234482532,-1.126066638460685,7.500131571880033,-0.03148260334664324
17,LR.1,7.366701839771121,92.0,1.5707963267948966,-2.772884938634352,86.91173063546489,1.7753897682873434,10.139586778405473,5.088269364535108,0.20459344149244676
17,UD.0,108.0,17.31080781966448,0.0,101.0352392481459,21.401322830575168,-0.10005236210194954,6.964760751854101,-4.090515010910689,-0.10005236210194954
18,DU.0,92.0,68.75294737373967,3.141592653589793,90.40133974642559,66.20175749961162,2.960659109840755,1.5986602535744083,2.551189874128056,-0.18093354374903844
18,DU.1,92.0,107.47024321337241,3.141592653589793,89.10894816319308,112.55908906663574,2.909294760121511,2.8910518368069233,-5.088845853263322,-0.23229789346828214
18,DU.2,92.0,146.7165740799747,3.141592653589793,85.33246659108042,150.1544017682158,3.034808057617043,6.6675334089195815,-3.4378276882411,-0.10678459597275021
18,DU.3,92.0,192.94471502692903,3.141592653589793,91.22354782542914,192.85959614724626,-3.0858499824798016,0.7764521745708635,0.0851188796827671,0.05574267110999177
18,LR.0,54.89562503812675,92.0,1.5707963267948966,51.776719526328534,91.10182329535647,1.396690758501194,3.118905511798218,0.8981767046435323,-0.1741055682937024
18,LR.1,12.158729705004951,92.0,1.5707963267948966,17.394852303580183,96.65637963942163,1.7375857942949633,-5.236122598575232,-4.65637963942163,0.16678946750006676
18,UD.0,108.0,24.873683612351307,0.0,104.24847347971355,23.4303758451486,0.6152167307437557,3.751526520286447,1.4433077672027075,0.6152167307437557
18,UD.1,108.0,5.1,0.0,105.00097734464576,10.717060810109675,0.10655829900152043,2.9990226553542385,-5.617060810109676,0.10655829900152043
19,DU.0,92.0,59.35071966019531,3.141592653589793,85.07900184127806,60.83454980986241,-2.017841663781355,6.920998158721943,-1.4838301496670994,1.1237509898084386
19,DU.1,92.0,98.94171810572165,3.141592653589793,97.41544043607729,104.1973273558102,3.119344945524838,-5.41544043607729,-5.255609250088554,-0.022247708064955247
19,DU.2,92.0,137.64304243009045,3.141592653589793,89.10829171596004,132.8409834332983,2.971799351939688,2.8917082840399644,4.802058996792141,-0.1697933016501052
19,DU.3,92.0,188.41250884204638,3.141592653589793,89.88342924398013,182.34131781599146,2.773564946867796,2.1165707560198683,6.071191026054919,-0.36802770672199697
19,LR.0,64.8580754852271,92.0,1.5707963267948966,73.94345892855128,81.64957122436611,0.7996131241111665,-9.085383443324176,10.350428775633887,-0.7711832026837301
19,LR.1,18.71084598889574,92.0,1.5707963267948966,17.326578681281838,90.33803310444794,1.4902275099390545,1.3842673076139036,1.6619668955520552,-0.08056881685584216
19,RL.0,194.9,108.0,-1.5707963267948968,189.02008664279342,105.69417950011491,-1.2181954246275453,5.87991335720659,2.305820499885087,0.3526009021673516
19,UD.0,108.0,34.03278259658255,0.0,112.63954743065027,33.035230010595356,0.3280412532087565,-4.639547430650268,0.9975525859871937,0.3280412532087565
19,UD.1,108.0,6.432963024359196,0.0,107.06363517515096,4.4803504064709285,-0.2701560937256444,0.9363648248490364,1.952612617888268,-0.2701560937256444
20,DU.0,92.0,49.3087990489521,3.141592653589793,90.24722623923097,50.29973285034124,-2.8062983795508756,1.7527737607690312,-0.99093380138914,0.3352942740389176
20,DU.1,92.0,90.44620833155946,3.141592653589793,91.4811665369449,91.26420158843125,3.0529388096558825,0.5188334630551026,-0.8179932568717874,-0.08865384393391075
20,DU.2,92.0,127.93043211039739,3.141592653589793,90.32111313008512,116.81699979811911,2.953581309166015,1.6788868699148765,11.113432312278277,-0.18801134442377834
20,DU.3,92.0,182.4818195407046,3.141592653589793,91.77738578291772,189.9196425392394,2.967255989507295,0.22261421708228113,-7.437822998534784,-0.17433666408249815
20,LR.0,75.17695294610837,92.0,1.5707963267948966,77.63147410252502,90.80000135342415,1.4673151675624831,-2.4545211564166465,1.1999986465758496,-0.10348115923241348
20,LR.1,26.10431301524005,92.0,1.5707963267948966,31.33271574988765,93.83861695471566,1.8207306736836324,-5.228402734647602,-1.8386169547156612,0.24993434688873592
20,RL.0,192.34570911019108,108.0,-1.5707963267948968,186.1237735904474,97.36330487754446,-1.5583427575252653,6.221935519743681,10.636695122455535,0.012453569269631603
20,UD.0,108.0,43.32063895435773,0.0,108.7957856555929,32.82927818015142,-0.2546299484482378,-0.7957856555928942,10.491360774206314,-0.2546299484482378
20,UD.1,108.0,9.262626288714818,0.0,117.65977594823921,17.58786011542122,-0.06448837318462361,-9.659775948239215,-8.3252338267064,-0.06448837318462361
21,DU.0,92.0,39.7442245925002,3.141592653589793,86.75669068132689,37.164656668188194,2.471443489887234,5.243309318673113,2.579567924312009,-0.6701491637025588
21,DU.1,92.0,82.29429021507401,3.141592653589793,97.34287053867696,72.98946088709516,-3.068684164371551,-5.342870538676962,9.304829327978851,0.07290848921824238
21,DU.2,92.0,118.7869906066757,3.141592653589793,94.77548725463322,112.58719112987015,-2.6375187998097185,-2.7754872546332194,6.199799476805552,0.5040738537800747
21,DU.3,92.0,174.72089273720047,3.141592653589793,91.99209830836861,171.41754319616945,-2.7768353694849295,0.007901691631388985,3.303349541031025,0.36475728410486374
21,DU.4,92.0,194.9,3.141592653589793,100.42029992934118,200.70085052491137,-2.670316468797349,-8.420299929341184,-5.800850524911368,0.47127618479244415
21,LR.0,81.64887767843557,92.0,1.5707963267948966,78.10067492272552,90.32327854161575,1.398529278700995,3.548202755710051,1.6767214583842502,-0.1722670480939016
21,LR.1,33.95499936745183,92.0,1.5707963267948966,28.00379427118556,88.70810184353488,1.7592205906788374,5.951205096266275,3.2918981564651233,0.1884242638839408
21,RL.0,187.26584664499387,108.0,-1.5707963267948968,191.02974532303284,112.2687142400901,-1.8208152212902344,-3.76389867803897,-4.268714240090105,-0.2500188944953377
21,UD.0,108.0,52.36618124555801,0.0,113.14000721232865,55.87337893543713,0.05977270012579502,-5.140007212328655,-3.5071976898791206,0.05977270012579502
21,UD.1,108.0,14.574950293055737,0.0,111.68041202590125,11.788219316944542,0.288436913771568,-3.680412025901248,2.786730976111196,0.288436913771568
22,DU.0,92.0,30.019542255659914,3.141592653589793,94.88922233145865,31.367154306745366,2.491156479272236,-2.8892223314586545,-1.3476120510854521,-0.6504361743175574
22,DU.1,92.0,73.77058248645643,3.141592653589793,89.92617921051175,79.32898884049521,2.942470576100832,2.073820789488252,-5.55840635403878,-0.19912207748896119
22,DU.2,92.0,108.86006127736941,3.141592653589793,87.52756033028916,99.72048130054263,-2.661495737619415,4.4724396697108375,9.13957997682678,0.4800969159703785
22,DU.3,92.0,165.46634831621776,3.141592653589793,94.25714010692259,162.0828415541835,2.5263771436123923,-2.2571401069225914,3.3835067620342727,-0.6152155099774008
22,DU.4,92.0,192.56440883474426,3.141592653589793,97.65435267019345,192.81990961855735,2.5352535045684172,-5.654352670193447,-0.2555007838130905,-0.6063391490213761
22,LR.0,84.1896310342718,92.0,1.5707963267948966,82.03804326141993,90.93817789988876,1.5078524208082023,2.151587772851869,1.0618221001112431,-0.06294390598669439
22,LR.1,40.991880301784136,92.0,1.5707963267948966,39.736664158780485,99.32093510617973,1.5750241213104244,1.2552161430036506,-7.320935106179732,0.004227794515527775
22,RL.0,180.19358085615096,108.0,-1.5707963267948968,183.57223834489298,111.90107534114703,-1.5432713796505366,-3.3786574887420215,-3.9010753411470347,0.027524947144360084
22,UD.0,108.0,62.355201410681545,0.0,107.98727595516789,71.83904848198696,0.38643030125010647,0.012724044832111758,-9.48384707130542,0.38643030125010647
22,UD.1,108.0,21.343132322235032,0.0,110.43033669035181,27.93196764756557,0.5798654455830503,-2.430336690351808,-6.588835325330539,0.5798654455830503
23,DU.0,92.0,19.719135372371298,3.141592653589793,94.16855035095836,21.517117955306034,-2.8662720954258827,-2.1685503509583555,-1.7979825829347362,0.2753205581639108
23,DU.1,92.0,64.73345495949634,3.141592653589793,95.08180318769831,69.76162892711545,2.5977276399327978,-3.0818031876983127,-5.028173967619111,-0.5438650136569951
23,DU.2,92.0,99.1456606890736,3.141592653589793,95.27759963901136,93.52615823942962,-2.63604029619757,-3.277599639011356,5.619502449643974,0.5055523573922236
23,DU.3,92.0,155.85521615188978,3.141592653589793,86.72669275598872,162.81151699671628,3.0810966730897897,5.273307244011278,-6.956300844826501,-0.06049598050000336
23,DU.4,92.0,188.08932136155198,3.141592653589793,96.51910552509379,185.94525089485222,-2.838818722378518,-4.519105525093792,2.144070466699759,0.30277393121127505
23,LR.0,84.84336673733868,92.0,1.5707963267948966,65.44466023403471,82.2957051607472,1.9229404607459384,19.39870650330397,9.704294839252796,0.3521441339510419
23,LR.1,48.06091738655526,92.0,1.5707963267948966,44.00087597430534,89.40945275237206,1.670418184765077,4.060041412249923,2.5905472476279385,0.09962185797018032
23,RL.0,171.2333591265108,108.0,-1.5707963267948968,171.06497653688928,105.84853153426734,-1.686484657970868,0.16838258962152963,2.1514684657326626,-0.11568833117597127
23,UD.0,108.0,72.21528032432785,0.0,101.67366917883633,72.91865007721006,0.422273068529259,6.3263308211636655,-0.7033697528822103,0.422273068529259
23,UD.1,108.0,29.97026083004611,0.0,108.15169291770393,17.242081555074,-0.14545941632208173,-0.1516929177039259,12.72817927497211,-0.14545941632208173
23,UD.2,108.0,5.1,0.0,108.1747179468187,12.369587908044087,0.2309702676494352,-0.17471794681870279,-7.2695879080440875,0.2309702676494352
24,DU.0,92.0,9.585476063032075,3.141592653589793,88.25884313632528,11.6330329656771,-2.663181578192812,3.7411568636747177,-2.0475569026450238,0.4784110753969815
24,DU.1,92.0,56.02359245083082,3.141592653589793,95.23107794359507,64.61372894427146,2.9155907202084266,-3.231077943595068,-8.590136493440639,-0.2260019333813665
24,DU.2,92.0,90.05287424298241,3.141592653589793,85.89294751727364,88.61982371071703,-2.814407018595672,6.10705248272636,1.4330505322653835,0.32718563499412123
24,DU.3,92.0,146.30146142573915,3.141592653589793,96.1577510791019,140.126526621337,2.783256242680354,-4.1577510791018994,6.174934804402142,-0.35833641090943896
24,DU.4,92.0,181.32780616027304,3.141592653589793,100.92151087439967,175.21599145657308,-3.125528818587321,-8.921510874399672,6.111814703699963,0.01606383500247227
24,LR.0,85.20245637927033,92.0,1.5707963267948966,80.40951666529506,91.51307138263904,1.158557164756752,4.792939713975272,0.4869286173609595,-0.4122391620381445
24,LR.1,55.1762079357672,92.0,1.5707963267948966,55.2192465523734,90.2799140404175,1.695040667725719,-0.043038616606196456,1.720085959582505,0.12424434093082258
24,RL.0,162.04997587550292,108.0,-1.5707963267948968,167.7491608188,110.28145216023326,-1.2680386723535864,-5.69918494329707,-2.2814521602332576,0.30275765444131036
24,UD.0,108.0,82.40717067086382,0.0,110.94397765910719,73.9554081530725,-0.3321092603518754,-2.9439776591071904,8.451762517791323,-0.3321092603518754
24,UD.1,108.0,37.654444678960296,0.0,111.33836763160328,45.402740535761446,0.4871809510684422,-3.338367631603276,-7.74829585680115,0.4871809510684422
24,UD.2,108.0,7.012097218306735,0.0,107.91141139252883,5.615110020774864,-0.4696284646246201,0.08858860747116637,1.396987197531871,-0.4696284646246201
25,DU.1,92.0,46.794244719570486,3.141592653589793,96.81469199381509,43.80026168031724,2.897485796822333,-4.814691993815089,2.9939830392532443,-0.24410685676745997
25,DU.2,92.0,80.04869506532245,3.141592653589793,91.30385740306829,89.2395332796074,3.1170715062506424,0.6961425969317077,-9.190838214284952,-0.024521147339150683
25,DU.3,92.0,136.15970962383616,3.141592653589793,90.07938311969971,134.27481417132904,-3.12371219024487,1.9206168803002868,1.8848954525071235,0.01788046334492336
25,DU.4,92.0,173.13640649907595,3.141592653589793,95.84711212799472,178.5450635838482,-2.2220659396035893,-3.84711212799472,-5.408657084772244,0.9195267139862039
25,LR.0,85.38041738525415,92.0,1.5707963267948966,80.47559272910586,94.7146081014728,1.7095425811949223,4.904824656148293,-2.7146081014728054,0.13874625440002572
25,LR.1,62.35877365915081,92.0,1.5707963267948966,62.53519512587789,92.49599967404353,1.4408570353723746,-0.1764214667270778,-0.4959996740435315,-0.12993929142252195
25,RL.0,153.2649266208664,108.0,-1.5707963267948968,150.48503558222075,111.1698156634571,-1.2049763774885918,2.779891038645644,-3.1698156634571006,0.3658199493063051
25,UD.0,108.0,91.564071307853,0.0,107.29146012811967,84.903192677782,0.4840509931134032,0.7085398718803333,6.660878630070997,0.4840509931134032
25,UD.1,108.0,45.340314173980964,0.0,95.81120969005278,44.97521328793569,0.08218979879382998,12.188790309947223,0.36510088604527624,0.08218979879382998
25,UD.2,108.0,10.992936124303379,0.0,111.19219361417338,12.506108972454264,-0.08578991340004781,-3.1921936141733767,-1.5131728481508855,-0.08578991340004781
26,DU.1,92.0,37.54475520942383,3.141592653589793,91.92032684521983,44.638994022045566,-3.119519511449751,0.07967315478016701,-7.094238812621732,0.02207314214004223
26,DU.2,92.0,70.30267192601755,3.141592653589793,85.39426691272938,65.33673640873039,-2.9414058980185604,6.605733087270622,4.965935517287164,0.20018675557123308
26,DU.3,92.0,126.8079304059293,3.141592653589793,97.95617133318005,124.72700871657949,2.919119663968747,-5.956171333180052,2.0809216893498075,-0.22247298962104634
26,DU.4,92.0,165.2044611502639,3.141592653589793,86.29574679423084,172.51014118379874,2.9839307411307856,5.704253205769163,-7.305680033534827,-0.15766191245900746
26,LR.0,85.39567771534593,92.0,1.5707963267948966,83.14055980400964,92.41116272635674,1.4411746836499044,2.255117911336285,-0.4111627263567357,-0.12962164314499205
26,LR.1,69.60764537163128,92.0,1.5707963267948966,65.60502805768095,89.16700554188361,1.258915159141781,4.002617313950324,2.8329944581163886,-0.3118811676531155
26,RL.0,144.13105268623866,108.0,-1.5707963267948968,153.60625411999447,109.65400990850335,-2.0032864415651823,-9.475201433755814,-1.6540099085033546,-0.4324901147702854
26,UD.0,108.0,100.98184858216686,0.0,97.0568793443106,103.19110778115841,0.09499597630912975,10.943120655689398,-2.209259198991546,0.09499597630912975
26,UD.1,108.0,54.16899883226757,0.0,111.18859889065375,59.267802265846676,0.03997533553977413,-3.1885988906537506,-5.098803433579107,0.03997533553977413
26,UD.2,108.0,16.741467076097614,0.0,102.73563060187763,19.070059615328653,-0.7158153050942446,5.264369398122369,-2.328592539231039,-0.7158153050942446
27,DU.1,92.0,28.96657053088444,3.141592653589793,88.73891895290338,23.44683320157886,2.379577176850808,3.2610810470966243,5.519737329305581,-0.7620154767389851
27,DU.2,92.0,60.58879608709575,3.141592653589793,86.69941143659572,70.79806454497052,-3.025103138792521,5.3005885634042755,-10.209268457874764,0.11648951479727217
27,DU.3,92.0,117.06277312873581,3.141592653589793,98.60870262174991,111.79978608960289,2.9349773427166657,-6.608702621749913,5.262987039132923,-0.20661531087312732
27,DU.4,92.0,157.69920745584625,3.141592653589793,87.92345749883482,164.79809270657867,3.114638986339481,4.076542501165179,-7.0988852507324225,-0.02695366725031223
27,LR.0,85.39803027015266,92.0,1.5707963267948966,83.40729578805328,101.61200803156405,2.2279582756279273,1.9907344820993842,-9.612008031564045,0.6571619488330307
27,LR.1,75.93102829467888,95.2,1.5707963267948966,63.316887705149014,92.5434987788209,1.5753905479891925,12.614140589529867,2.6565012211790986,0.004594221194295964
27,RL.0,134.98908766071196,108.0,-1.5707963267948968,137.983607671802,108.72582401141307,-1.3311283104281286,-2.9945200110900316,-0.7258240114130672,0.2396680163667682
27,UD.0,108.0,110.8774592701161,0.0,106.54291435348449,113.33458781352857,0.16784946995326003,1.4570856465155089,-2.457128543412466,0.16784946995326003
27,UD.1,108.0,62.15857354041403,0.0,110.43530018641268,62.64301619513824,0.027483871388142816,-2.4353001864126753,-0.4844426547242051,0.027483871388142816
27,UD.2,108.0,24.193332368112166,0.0,109.10156319152338,26.110626796278897,0.24615484148250769,-1.1015631915233826,-1.9172944281667306,0.24615484148250769
27,UD.3,108.0,5.1,0.0,100.64881455489343,8.132019721519185,0.8006584889323145,7.351185445106566,-3.0320197215191858,0.8006584889323145
28,DU.1,92.0,20.665154350956698,3.141592653589793,95.42739182683903,25.615204191896215,2.9746255417709238,-3.4273918268390275,-4.950049840939517,-0.1669671118188692
28,DU.2,92.0,51.571948209781034,3.141592653589793,90.69507613816567,45.48256963960083,-2.88994597994751,1.3049238618343253,6.089378570180202,0.2516466736422836
28,DU.3,92.0,107.54152724707161,3.141592653589793,89.22145868257576,109.04117174178282,2.788808971503299,2.778541317424242,-1.4996444947112053,-0.35278368208649413
28,DU.4,92.0,149.27041402581895,3.141592653589793,94.79457709023158,150.90371220879913,-3.0236812938947657,-2.7945770902315843,-1.6332981829801838,0.11791135969502782
28,LR.0,85.39896226949338,92.0,1.5707963267948966,93.14338893339094,98.82703683971945,2.2669416259521324,-7.744426663897556,-6.8270368397194545,0.6961452991572359
28,LR.1,82.29643736097502,95.2,1.5707963267948966,85.57640878046028,97.42561705257236,1.5938714671341196,-3.279971419485264,-2.2256170525723604,0.023075140339223088
28,RL.0,125.99426813140093,108.0,-1.5707963267948968,127.30035495772266,108.46563340511713,-1.8271865036585662,-1.3060868263217316,-0.46563340511713136,-0.2563901768636694
28,UD.0,108.0,120.03145099103237,0.0,108.49366069540733,113.32050514801648,0.1600505709767131,-0.4936606954073284,6.710945843015892,0.1600505709767131
28,UD.1,108.0,70.47002934956156,0.0,99.48309260327056,74.47568890658673,-0.39853945042240446,8.516907396729437,-4.005659557025169,-0.39853945042240446
28,UD.2,108.0,33.938195400033145,0.0,106.10958705089183,34.967168238049425,0.18761945335046662,1.8904129491081676,-1.02897283801628,0.18761945335046662
28,UD.3,108.0,6.690261032572016,0.0,117.32263493877649,3.6917236441907697,0.6500763599761709,-9.322634938776488,2.998537388381246,0.6500763599761709
29,DU.1,92.0,11.926708979573135,3.141592653589793,95.5346636116254,10.04266496368999,-2.9425566722388075,-3.5346636116254047,1.8840440158831449,0.19903598135098605
29,DU.2,92.0,42.74597599993962,3.141592653589793,93.20131195202224,47.33973208613675,-2.757044669839997,-1.2013119520222375,-4.593756086197132,0.3845479837497967
29,DU.3,92.0,97.96250592534037,3.141592653589793,96.91604145358549,98.20621571495879,3.012531367264107,-4.916041453585493,-0.24370978961842127,-0.12906128632568592
29,DU.4,92.0,141.37689571803554,3.141592653589793,84.22223486985605,136.78155359447246,2.80160962007818,7.777765130143948,4.595342123563086,-0.3399830335116131
29,LR.0,85.39896226949338,92.0,1.5707963267948966,79.74148071091524,96.25567907179546,1.9950625216076452,5.657481558578141,-4.255679071795456,0.42426619481274863
29,LR.1,85.00585085384176,95.2,1.5707963267948966,75.76588758357506,98.92590988426747,1.6113526788801733,9.2399632702667,-3.725909884267466,0.040556352085276755
29,RL.0,118.41119013884081,108.0,-1.5707963267948968,113.78364856829512,102.4175577667201,-1.5934330679808077,4.627541570545688,5.582442233279906,-0.022636741185910872
29,UD.0,108.0,129.46207568112317,0.0,102.71560656778487,125.97907717469698,0.40392199677495444,5.284393432215126,3.482998506426185,0.40392199677495444
29,UD.1,108.0,78.68319061481508,0.0,107.71187663981124,81.37379700222239,-0.17226364726798304,0.28812336018876294,-2.690606387407314,-0.17226364726798304
29,UD.2,108.0,44.52632498028656,0.0,106.9998985093533,41.24406821742683,0.0874704029360375,1.0001014906466992,3.2822567628597312,0.0874704029360375
29,UD.3,108.0,10.201473211380652,0.0,104.14756318440769,-2.125848297438204,0.5032003180620548,3.8524368155923128,12.327321508818855,0.5032003180620548
30,DU.1,92.0,3.437001212849566,3.141592653589793,88.95875898400297,4.842853439384254,-2.995053763422701,3.0412410159970307,-1.4058522265346882,0.1465388901670923
30,DU.2,92.0,32.651848813208716,3.141592653589793,92.43926047134597,32.78736027040523,-3.042654816901955,-0.4392604713459747,-0.13551145719651458,0.0989378366878384
30,DU.3,92.0,88.09012522430176,3.141592653589793,91.12851904156224,87.72223322323651,-3.0384942050997887,0.8714809584377576,0.36789200106524333,0.1030984484900045
30,DU.4,92.0,133.08936935739084,3.141592653589793,103.80005879585774,132.7733406402064,-3.128727044433233,-11.800058795857737,0.31602871718442316,0.012865609156560416
30,LR.0,85.39896226949338,92.0,1.5707963267948966,86.55434639226492,94.21830690297499,1.1568154101558779,-1.1553841227715367,-2.2183069029749873,-0.41398091663901865
30,LR.1,85.20722344286544,95.2,1.5707963267948966,78.19552129103353,96.77815235281699,1.8302265872191825,7.011702151831912,-1.5781523528169856,0.25943026042428596
30,RL.0,115.00176176803558,108.0,-1.5707963267948968,113.833470021158,100.95823845802326,-1.3684464076574347,1.1682917468775713,7.04176154197674,0.20234991913746214
30,UD.0,108.0,138.66952133013194,0.0,105.41986263713906,135.28475757915436,0.010564129176172232,2.5801373628609383,3.3847637509775836,0.010564129176172232
30,UD.1,108.0,87.2397454244091,0.0,108.09027255285963,97.65935377150534,-0.29263998470011693,-0.09027255285963065,-10.419608347096244,-0.29263998470011693
30,UD.2,108.0,54.3039096483023,0.0,113.71280599476069,51.972028231184254,0.42146060791228324,-5.712805994760686,2.3318814171180478,0.42146060791228324
30,UD.3,108.0,15.967616644315418,0.0,107.52923483906048,16.040266792375007,-0.7554593706803949,0.47076516093952137,-0.07265014805958891,-0.7554593706803949
30,UD.4,108.0,5.1,0.0,100.27802109306651,-2.632805199843286,0.2047684920551267,7.7219789069334865,7.732805199843286,0.2047684920551267
31,DU.2,92.0,22.610516998915486,3.141592653589793,86.53869075771841,13.592308815673087,2.786617231455524,5.461309242281587,9.018208183242399,-0.3549754221342688
31,DU.3,92.0,78.63902796425351,3.141592653589793,94.82924310477121,72.72705477043118,-2.5857637450607647,-2.8292431047712086,5.911973193822334,0.5558289085290288
31,DU.4,92.0,124.93221365889795,3.141592653589793,91.02595774331951,126.47294981301887,3.082177221576223,0.9740422566804909,-1.5407361541209212,-0.05941543201357006
31,LR.0,85.39896226949338,92.0,1.5707963267948966,85.34996947374259,92.59377666412367,1.0935912874335583,0.04899279575079163,-0.5937766641236664,-0.47720503936133835
31,LR.1,85.34071477641083,95.2,1.5707963267948966,77.78936240117945,97.25727643454371,2.46810908273976,7.551352375231389,-2.0572764345437093,0.8973127559448635
31,RL.0,114.65837860863164,108.0,-1.5707963267948968,104.88110010758848,102.75138676528726,-1.251729852099843,9.777278501043156,5.248613234712735,0.3190664746950537
31,UD.0,108.0,148.96277795992353,0.0,106.62525873203063,156.52346210723914,-0.06099120646180082,1.3747412679693696,-7.560684147315612,-0.06099120646180082
31,UD.1,108.0,94.91682677230344,0.0,99.45443169629202,102.69842154469481,0.008935240532170338,8.54556830370798,-7.781594772391372,0.008935240532170338
31,UD.2,108.0,64.9901904629301,0.0,106.74103223866845,66.62210780302624,0.019368806512425833,1.2589677613315473,-1.6319173400961375,0.019368806512425833
31,UD.3,108.0,23.823851203382947,0.0,118.32401851293514,16.96345098432932,-0.5077399073696937,-10.32401851293514,6.860400219053627,-0.5077399073696937
31,UD.4,108.0,7.466403508931398,0.0,106.24123464834784,4.057014972324031,0.39753687800723086,1.7587653516521584,3.4093885366073673,0.39753687800723086
32,DU.2,92.0,13.10932899830405,3.141592653589793,94.18269600485219,11.75236676514413,-3.0503488552826448,-2.1826960048521897,1.356962233159921,0.09124379830714881
32,DU.3,92.0,68.68087995068075,3.141592653589793,83.82870966283775,70.96092252630709,-2.754834159937315,8.171290337162247,-2.2800425756263394,0.3867584936524782
32,DU.4,92.0,117.63203016278432,3.141592653589793,92.56963145114499,118.72975123669296,2.879571427921554,-0.5696314511449856,-1.0977210739086445,-0.2620212256682389
32,LR.0,85.39896226949338,92.0,1.5707963267948966,74.49640286906943,90.24904098281866,1.625788480191915,10.902559400423954,1.7509590171813443,0.054992153397018274
32,LR.1,85.37301551022826,95.2,1.5707963267948966,87.17565145946963,95.91911321525345,1.9543205539566522,-1.8026359492413775,-0.7191132152534436,0.38352422716175555
32,RL.0,114.62536336435728,108.0,-1.5707963267948968,108.23974524791026,110.01708028606893,-1.3838154107328555,6.38561811644702,-2.017080286068932,0.18698091606204129
32,UD.0,108.0,159.06237243108248,0.0,106.6066581620254,157.07970932923072,-0.1072322003640233,1.393341837974603,1.982663101851756,-0.1072322003640233
32,UD.1,108.0,103.7482551642876,0.0,111.17877459750636,102.04995628256647,-0.056055949247866124,-3.1787745975063615,1.6982988817211293,-0.056055949247866124
32,UD.2,108.0,75.47735085287003,0.0,105.02820797585746,72.81526657384431,-0.06313861714782532,2.9717920241425446,2.66208427902572,-0.06313861714782532
32,UD.3,108.0,32.79574057526422,0.0,103.40985820869206,24.763353173463354,0.3886250046354396,4.590141791307943,8.032387401800865,0.3886250046354396
32,UD.4,108.0,11.32391706123017,0.0,113.92389580225283,7.721910701387221,-0.17617264468864988,-5.923895802252829,3.6020063598429486,-0.17617264468864988
33,DU.2,92.0,3.712329344858091,3.141592653589793,91.68977639544183,8.971589828917878,3.001945727151027,0.31022360455817477,-5.259260484059787,-0.13964692643876625
33,DU.3,92.0,59.40946808295638,3.141592653589793,90.75040347376601,56.150018266517215,3.0959989379340964,1.2495965262339865,3.259449816439165,-0.04559371565569649
33,DU.4,92.0,109.66382215291662,3.141592653589793,80.91824636095602,111.87782483864427,2.728569575964974,11.081753639043981,-2.2140026857276496,-0.41302307762481877
33,LR.0,85.39896226949338,92.0,1.5707963267948966,81.57410824149216,84.1459603550122,1.2327206981632965,3.8248540280012264,7.854039644987793,-0.33807562863159996
33,LR.1,85.39464564491345,95.2,1.5707963267948966,86.76155552415598,95.49113697935934,2.0628277880851162,-1.3669098792425274,-0.2911369793593366,0.49203146129021985
33,RL.0,114.60542328865361,108.0,-1.5707963267948968,119.49147324611512,99.09913728609789,-1.8472144684661969,-4.886049957461509,8.900862713902114,-0.2764181416713
33,UD.0,108.0,169.05498973328184,0.0,104.09707126860177,170.37156607213853,-0.16817295830974602,3.9029287313982337,-1.3165763388566916,-0.16817295830974602
33,UD.1,108.0,112.53188100245691,0.0,113.96576701404231,114.35962716305701,0.012662171470865012,-5.965767014042314,-1.8277461606000998,0.012662171470865012
33,UD.2,108.0,85.80070878846877,0.0,113.57440370453097,87.99938671349565,1.0132988622201955,-5.574403704530965,-2.1986779250268853,1.0132988622201955
33,UD.3,108.0,42.85363039642576,0.0,109.06095086032171,49.45015607961479,-0.02868778618970853,-1.0609508603217108,-6.596525683189036,-0.02868778618970853
33,UD.4,108.0,16.873653530329463,0.0,100.28552941673699,17.889222745633518,-0.22862301423233994,7.714470583263008,-1.0155692153040548,-0.22862301423233994
34,DU.3,92.0,49.51449344808493,3.141592653589793,88.38169497936295,55.64771171388379,-2.5999959266521815,3.6183050206370524,-6.13321826579886,0.5415967269376121
34,DU.4,92.0,101.46921379760147,3.141592653589793,86.86185712140247,95.26779031690776,2.853724362529493,5.1381428785975345,6.201423480693705,-0.2878682910603002
34,LR.0,85.39896226949338,92.0,1.5707963267948966,86.69821819909912,99.97928889254499,1.8263856135379781,-1.299255929605735,-7.979288892544986,0.2555892867430815
34,LR.1,85.39877603313415,95.2,1.5707963267948966,83.95875832436124,98.12898941418914,1.5542453886505456,1.4400177087729134,-2.9289894141891324,-0.016550938144350904
34,RL.0,114.60313290529734,108.0,-1.5707963267948968,108.4673731888964,107.96072060915871,-1.742670204745739,6.1357597164009405,0.039279390841286954,-0.17187387795084205
34,UD.0,108.0,179.1763838618881,0.0,101.19762444184882,188.15283659858875,0.445774285002395,6.8023755581511836,-8.97645273670065,0.445774285002395
34,UD.1,108.0,120.230510913081,0.0,108.9955884235813,123.77505261594673,-0.7207940009259326,-0.995588423581296,-3.544541702865729,-0.7207940009259326
34,UD.2,108.0,95.50375390206271,0.0,102.37453889789718,99.46108392892853,0.3239493031670656,5.625461102102818,-3.9573300268658187,0.3239493031670656
34,UD.3,108.0,52.30006494598469,0.0,109.24902918834348,54.554449615688846,-0.14060575435871325,-1.249029188343485,-2.2543846697041587,-0.14060575435871325
34,UD.4,108.0,24.104004932614036,0.0,98.0184323635804,28.91929671072384,0.6417071989354443,9.981567636419598,-4.815291778109806,0.6417071989354443
35,DU.3,92.0,39.97580333259157,3.141592653589793,94.58051809059394,44.17980549291571,-2.8265721495290532,-2.580518090593941,-4.204002160324144,0.3150205040607402
35,DU.4,92.0,93.96951018474607,3.141592653589793,82.83260018479824,92.54876394398626,3.010675134001439,9.167399815201762,1.4207462407598115,-0.13091751958835446
35,LR.0,85.39896226949338,92.0,1.5707963267948966,83.16238142135617,95.77584905043143,1.4990166230311397,2.2365808481372085,-3.7758490504314324,-0.07177970376375685
35,LR.1,85.3989060284078,95.2,1.5707963267948966,78.11672282812481,99.93018626742467,1.4542259598031602,7.2821832002829865,-4.730186267424671,-0.11657036699173641
35,RL.0,114.60197713680705,108.0,-1.5707963267948968,115.8864668398943,110.18402118169278,-1.599147566558349,-1.284489703087246,-2.184021181692785,-0.028351239763452298
35,UD.0,108.0,188.92138091717885,0.0,108.7870416419184,193.706404032845,0.010400770028040142,-0.7870416419184068,-4.785023115666149,0.010400770028040142
35,UD.1,108.0,128.4527615702925,0.0,109.44292791282851,127.20249607465757,0.9072286578916294,-1.4429279128285089,1.2502654956349204,0.9072286578916294
35,UD.2,108.0,105.46496323393433,0.0,105.46180882976034,106.46847208627693,0.40080493412264984,2.5381911702396565,-1.0035088523426055,0.40080493412264984
35,UD.3,108.0,61.99636550607167,0.0,110.03296469803811,55.80616677178607,-0.20888737314573522,-2.032964698038114,6.190198734285602,-0.20888737314573522
35,UD.4,108.0,33.21837773763109,0.0,111.91850744863822,35.92037735431986,-0.06101178201355721,-3.9185074486382234,-2.7019996166887736,-0.06101178201355721
36,DU.3,92.0,30.77356553247342,3.141592653589793,86.36418175748439,30.411236686501415,-3.126519848777199,5.635818242515612,0.3623288459720051,0.015072804812594405
36,DU.4,92.0,86.0049422077407,3.141592653589793,89.8225803370522,84.0736117525703,2.6037522188749556,2.1774196629477984,1.9313304551703965,-0.5378404347148374
36,LR.0,85.39896226949338,92.0,1.5707963267948966,84.23590354586133,89.05111906447566,1.5454924213390329,1.163058723632048,2.9488809355243433,-0.025303905455863612
36,LR.1,85.3989060284078,95.2,1.5707963267948966,87.35178631943688,98.09539519279298,1.4046463803817657,-1.9528802910290892,-2.895395192792975,-0.1661499464131308
36,RL.0,114.6012835057193,108.0,-1.5707963267948968,107.25871956014674,106.46146890707253,-0.9997558732552814,7.34256394557255,1.538531092927471,0.5710404535396154
36,UD.0,108.0,198.65943508542415,0.0,101.99981191919457,205.8746410831682,0.29312871648522865,6.0001880808054295,-7.21520599774405,0.29312871648522865
36,UD.1,108.0,136.56672703549958,0.0,115.9300004316591,135.10877562903156,0.009449920043597966,-7.930000431659096,1.4579514064680268,0.009449920043597966
36,UD.2,108.0,115.96482544290014,0.0,116.35749948559952,117.2277142906934,-0.0988898372427041,-8.357499485599519,-1.2628888477932634,-0.0988898372427041
36,UD.3,108.0,72.18703194933487,0.0,113.60811066036031,62.492691998131505,-0.17255448781433458,-5.60811066036031,9.69433995120336,-0.17255448781433458
36,UD.4,108.0,42.690345602090986,0.0,112.71165829343403,49.27528333791058,-0.18032514155263088,-4.711658293434027,-6.584937735819594,-0.18032514155263088
37,DU.3,92.0,21.518936901507843,3.141592653589793,88.7986526692544,10.119318185984802,-2.983274981715443,3.2013473307456053,11.39961871552304,0.1583176718743503
37,DU.4,92.0,77.84271698701413,3.141592653589793,87.92534938104318,81.04433784472057,-3.10175502576528,4.074650618956824,-3.2016208577064447,0.039837627824513486
37,LR.0,85.39896226949338,92.0,1.5707963267948966,79.51569917525089,95.20134466481386,1.9214429771114965,5.883263094242494,-3.2013446648138597,0.3506466503165999
37,LR.1,85.3989060284078,95.2,1.5707963267948966,88.5842607809095,98.95245937688759,2.344912543832213,-3.185354752501709,-3.752459376887586,0.7741162170373161
37,RL.0,114.60110871926548,108.0,-1.5707963267948968,117.46575131948941,105.42996409320561,-1.486512053449142,-2.864642600223931,2.570035906794388,0.08428427334575471
37,UD.1,108.0,144.60843124647334,0.0,116.46330845070607,151.2425542730869,-0.6256972607845313,-8.463308450706066,-6.634123026613565,-0.6256972607845313
37,UD.2,108.0,125.76295301904756,0.0,112.45083434596457,121.36838686032645,-1.07732484644119,-4.450834345964566,4.394566158721105,-1.07732484644119
37,UD.3,108.0,81.89238285719428,0.0,105.81444885064201,90.37972374749712,-0.861059395872297,2.185551149357991,-8.487340890302846,-0.861059395872297
37,UD.4,108.0,52.1330734359651,0.0,115.1874035870733,56.9712214556911,0.035870923148386,-7.187403587073305,-4.838148019725999,0.035870923148386
38,DU.3,92.0,12.263949113372092,3.141592653589793,94.70060253865047,9.970787779666942,2.8942192722912075,-2.7006025386504717,2.29316133370515,-0.24737338129858566
38,DU.4,92.0,70.06221667516567,3.141592653589793,96.74585766637914,70.652285908643,-2.839132860869774,-4.745857666379138,-0.5900692334773225,0.3024597927200194
38,LR.0,85.39896226949338,92.0,1.5707963267948966,86.70401642004897,103.36872748725692,1.5265392484456104,-1.3050541505555913,-11.368727487256919,-0.04425707834928621
38,LR.1,85.3989060284078,95.2,1.5707963267948966,75.28844707035745,95.35843575980788,1.1042658731412531,10.110458958050344,-0.1584357598078725,-0.46653045365364354
38,RL.0,114.60100279178428,108.0,-1.5707963267948968,109.67115015701462,98.68577433341991,-1.2471560447451895,4.929852634769659,9.314225666580086,0.32364028204970724
38,UD.1,108.0,152.8426892742527,0.0,115.19744792627365,151.74781417239373,0.08932310980002928,-7.197447926273654,1.0948751018589746,0.08932310980002928
38,UD.2,108.0,134.91133407438926,0.0,109.12626601822397,124.76071338956008,-0.12061931735453442,-1.1262660182239728,10.150620684829178,-0.12061931735453442
38,UD.3,108.0,91.97518412969553,0.0,103.81413649091203,96.87744788656462,0.20399124017772932,4.185863509087966,-4.90226375686909,0.20399124017772932
38,UD.4,108.0,61.819055228436994,0.0,113.82060637623195,57.430895025832186,-0.3055378120865922,-5.82060637623195,4.3881602026048085,-0.3055378120865922
39,DU.3,92.0,3.1025174692550053,3.141592653589793,99.38071215291669,1.1429628761272395,-3.118147284582923,-7.380712152916686,1.9595545931277658,0.02344536900687019
39,DU.4,92.0,61.5220478996391,3.141592653589793,82.26646164831988,59.014319693582635,2.660279445340886,9.733538351680124,2.5077282060564627,-0.48131320824890694
39,LR.0,85.39896226949338,92.0,1.5707963267948966,86.29792336271004,88.22547156795689,1.7149547304071293,-0.8989610932166556,3.7745284320431125,0.1441584036122328
39,LR.1,85.3989060284078,95.2,1.5707963267948966,88.87328249248398,92.51743034695198,1.851437169597344,-3.4743764640761867,2.68256965304802,0.2806408428024475
39,RL.0,114.60100279178428,108.0,-1.5707963267948968,121.71943999070575,103.02939808123111,-1.3790146762450033,-7.11843719892147,4.970601918768892,0.1917816505498935
39,UD.1,108.0,161.50654367251394,0.0,107.31028225032122,167.3203295005052,-0.0025162267262268463,0.6897177496787776,-5.813785827991268,-0.0025162267262268463
39,UD.2,108.0,143.34623967723545,0.0,99.09885181724353,132.5551661603993,0.038525809233032796,8.901148182756472,10.79107351683615,0.038525809233032796
39,UD.3,108.0,101.38576219123337,0.0,105.87013405511522,105.7074907509919,-0.44564082445491,2.1298659448847843,-4.321728559758526,-0.44564082445491
39,UD.4,108.0,71.9344304721041,0.0,96.30297076186413,71.74819892673446,0.717446836201898,11.697029238135869,0.18623154536963682,0.717446836201898
40,DU.4,92.0,53.91132920989498,3.141592653589793,94.65769889878865,50.356073577623555,-3.069406390673788,-2.6576988987886523,3.5552556322714253,0.07218626291600572
40,LR.0,85.39896226949338,92.0,1.5707963267948966,95.01503663446626,96.99493933012043,0.9389999998040358,-9.616074364972874,-4.994939330120431,-0.6317963269908607
40,LR.1,85.3989060284078,95.2,1.5707963267948966,83.90709519285514,95.8903362991443,1.9249309250967466,1.4918108355526556,-0.6903362991442918,0.3541345983018501
40,RL.0,114.60100279178428,108.0,-1.5707963267948968,121.48438986350186,104.76341017267119,-1.4786518131699726,-6.8833870717175785,3.236589827328814,0.09214451362492426
40,UD.1,108.0,170.14534566506768,0.0,111.96144054314661,164.38525779163913,-0.24156766794329954,-3.961440543146608,5.760087873428546,-0.24156766794329954
40,UD.2,108.0,152.1314073015154,0.0,103.77607234587542,152.67608987013006,-0.1484543075098611,4.22392765412458,-0.544682568614661,-0.1484543075098611
40,UD.3,108.0,110.51280307933703,0.0,102.37588761862855,111.70181054479822,0.8408676515169429,5.624112381371447,-1.189007465461188,0.8408676515169429
40,UD.4,108.0,82.12897741854917,0.0,103.43786773533608,85.66436510605112,-0.16239703865754443,4.562132264663916,-3.5353876875019523,-0.16239703865754443
41,DU.4,92.0,45.951566047077414,3.141592653589793,93.92776617131166,46.496855699845476,3.047161345955555,-1.92776617131166,-0.5452896527680622,-0.09443130763423842
41,LR.0,85.39896226949338,92.0,1.5707963267948966,92.16229159553602,98.10341267187465,1.19860269219084,-6.763329326042637,-6.103412671874651,-0.3721936346040567
41,LR.1,85.3989060284078,95.2,1.5707963267948966,91.51193456042328,97.6397057344095,1.7719574800045734,-6.113028532015491,-2.4397057344095003,0.20116115320967692
41,RL.0,114.60100279178428,108.0,-1.5707963267948968,111.32267707881134,104.8710667028509,-1.143390909511206,3.2783257129729435,3.1289332971491035,0.42740541728369075
41,UD.1,108.0,178.31529153422892,0.0,109.16568547781395,172.9129296619038,-0.2671191029798507,-1.1656854778139518,5.402361872325116,-0.2671191029798507
41,UD.2,108.0,160.7655228031451,0.0,100.05864615600979,164.4858198923765,0.5341651776885008,7.941353843990214,-3.7202970892313942,0.5341651776885008
41,UD.3,108.0,120.46511776573041,0.0,104.16474482178887,117.42342790730565,-0.3776556201462881,3.8352551782111277,3.0416898584247605,-0.3776556201462881
41,UD.4,108.0,92.55645235707271,0.0,107.83016638649623,84.70577591495848,0.6975417575943923,0.16983361350376924,7.850676442114235,0.6975417575943923
42,DU.4,92.0,37.83825971697795,3.141592653589793,84.66133877571934,50.60527018724417,3.124450448629749,7.338661224280656,-12.767010470266221,-0.01714220496004424
42,LR.0,85.39896226949338,92.0,1.5707963267948966,80.55242497720063,90.6291465929068,1.2527886103384296,4.846537292292751,1.3708534070931933,-0.3180077164564669
42,LR.1,85.3989060284078,95.2,1.5707963267948966,92.87238190333683,96.33763909110286,2.013230432832635,-7.473475874929036,-1.137639091102855,0.4424341060377387
42,RL.0,114.60100279178428,108.0,-1.5707963267948968,112.97251865024445,108.3251749713385,-1.6147151582242958,1.628484141539829,-0.32517497133849815,-0.043918831429398994
42,UD.1,108.0,186.7140955472497,0.0,110.01829082235446,173.46991314066588,0.5599344950209723,-2.0182908223544587,13.244182406583832,0.5599344950209723
42,UD.2,108.0,168.60019938669956,0.0,97.20439197159986,166.49488599619713,-0.45142642338645217,10.795608028400139,2.105313390502431,-0.45142642338645217
42,UD.3,108.0,129.98622184497322,0.0,97.99086110141323,128.40731402956598,0.0017855860960848881,10.00913889858677,1.5789078154072342,0.0017855860960848881
42,UD.4,108.0,102.90074596275286,0.0,116.57707066793594,97.69671034014588,0.33513719393239266,-8.577070667935942,5.20403562260698,0.33513719393239266
43,DU.4,92.0,29.46290064164613,3.141592653589793,86.54632182490366,23.566078333737867,2.9764173740260795,5.453678175096343,5.896822307908263,-0.1651752795637136
43,LR.0,85.39896226949338,92.0,1.5707963267948966,90.81886118386763,94.03799558521425,0.7478729675173069,-5.419898914374244,-2.0379955852142473,-0.8229233592775896
43,LR.1,85.3989060284078,95.2,1.5707963267948966,87.58368870170038,95.95852434678353,1.2926975687842737,-2.184782673292588,-0.7585243467835312,-0.27809875801062284
43,RL.0,114.60100279178428,108.0,-1.5707963267948968,108.57942770217079,103.71485304291814,-2.0045460306189162,6.021575089613492,4.285146957081864,-0.43374970382401956
43,UD.1,108.0,195.37988254234534,0.0,105.31051014123594,191.9059995596434,0.3494399649584481,2.6894898587640625,3.4738829827019515,0.3494399649584481
43,UD.2,108.0,177.09298963808348,0.0,109.65762372463078,175.7397003094869,0.1434780617742391,-1.6576237246307812,1.3532893285965883,0.1434780617742391
43,UD.3,108.0,139.043698960338,0.0,102.1320429080352,130.97129110258768,0.0007432383120520257,5.867957091964797,8.072407857750306,0.0007432383120520257
43,UD.4,108.0,113.21333198557744,0.0,110.67373206100379,114.14024860267536,0.11205320533786393,-2.67373206100379,-0.9269166170979162,0.11205320533786393
44,DU.4,92.0,21.28740450005526,3.141592653589793,86.60442914841508,14.115382685801206,-3.098512292781705,5.395570851584921,7.1720218142540535,0.04308036080808839
44,LR.0,85.39896226949338,92.0,1.5707963267948966,85.33725616434903,97.58456701274652,1.4063907408757919,0.06170610514435282,-5.584567012746518,-0.16440558591910476
44,LR.1,85.3989060284078,95.2,1.5707963267948966,80.66244316234024,97.46305915121513,1.9479569640290562,4.736462866067555,-2.2630591512151312,0.37716063723415966
44,RL.0,114.60100279178428,108.0,-1.5707963267948968,117.79183605890886,99.22454276172915,-0.9210295019558774,-3.1908332671245745,8.775457238270846,0.6497668248390194
44,UD.2,108.0,186.24021499852398,0.0,99.2338554554888,188.51710320577226,0.323115526532202,8.766144544511207,-2.276888207248277,0.323115526532202
44,UD.3,108.0,148.2488550451307,0.0,98.69294101361203,151.79099554262632,0.13496977426944487,9.307058986387972,-3.542140497495609,0.13496977426944487
44,UD.4,108.0,123.46219111060819,0.0,102.05405347572874,121.98044671008168,0.24793766623190078,5.945946524271264,1.4817444005265088,0.24793766623190078
45,DU.4,92.0,13.737584756769607,3.141592653589793,92.62747115473358,20.554368105049956,-2.8265854955382372,-0.6274711547335841,-6.8167833482803495,0.31500715805155627
45,LR.0,85.39896226949338,92.0,1.5707963267948966,88.59522824981084,95.51034013313773,1.5696501648669074,-3.196265980317463,-3.5103401331377313,-0.0011461619279890774
45,LR.1,85.3989060284078,95.2,1.5707963267948966,82.5997353664358,94.33530542868006,1.7451616516149289,2.799170661971999,0.8646945713199443,0.17436532482003225
45,RL.0,114.60100279178428,108.0,-1.5707963267948968,113.42729866007902,101.45391517070318,-1.4092910107025098,1.1737041317052643,6.546084829296817,0.16150531609238689
45,UD.2,108.0,196.91928604602992,0.0,115.86666730179299,200.14234134905624,0.3011681175260647,-7.866667301792987,-3.223055303026314,0.3011681175260647
45,UD.3,108.0,157.78968623702903,0.0,104.62787792276889,153.43975682013715,-0.16668271685686142,3.3721220772311113,4.349929416891882,-0.16668271685686142
45,UD.4,108.0,132.6767130986746,0.0,116.54561508269812,132.1421793365209,0.3166390731648961,-8.54561508269812,0.5345337621536999,0.3166390731648961
46,DU.4,92.0,5.438440086587008,3.141592653589793,87.30204649175417,8.041858949538216,2.4588535917315926,4.697953508245831,-2.6034188629512087,-0.6827390618582005
46,LR.0,87.1853990315022,92.0,1.5707963267948966,93.2558055700464,93.70300481848075,1.6290745919807317,-6.070406538544205,-1.7030048184807498,0.05827826518583511
46,LR.1,87.58094054169224,95.2,1.5707963267948966,95.58604167579159,93.87922110241952,2.15453317550904,-8.005101134099348,1.3207788975804817,0.5837368487141432
46,RL.0,112.59724669841076,108.0,-1.5707963267948968,116.02467425888838,109.56272509527729,-1.9791997737161875,-3.427427560477625,-1.5627250952772869,-0.40840344692129066
46,UD.3,108.0,167.78403883774325,0.0,105.21379682698783,167.51923321606898,-0.17635999488196805,2.7862031730121686,0.26480562167427024,-0.17635999488196805
46,UD.4,108.0,142.8883709409741,0.0,111.77889875283422,132.99352891743956,0.17804440049333056,-3.7788987528342233,9.894842023534551,0.17804440049333056
47,LR.0,90.32741915688663,92.0,1.5707963267948966,87.67676906015002,94.97387140609882,0.9115124261723587,2.6506500967366122,-2.973871406098823,-0.6592839006225378
47,LR.1,91.42833328779989,95.2,1.5707963267948966,87.23504170308657,97.53063761156145,1.3005636369141678,4.193291584713322,-2.3306376115614427,-0.27023268988072885
47,RL.0,108.10074112294666,108.0,-1.5707963267948968,107.28764134917743,111.22881406033613,-1.574648058461165,0.813099773769224,-3.228814060336134,-0.00385173166626836
47,UD.3,108.0,176.91365724714967,0.0,109.9473493630211,175.55353274493407,0.016381569537341396,-1.9473493630211038,1.3601245022155979,0.016381569537341396
47,UD.4,108.0,152.48279899331246,0.0,107.13075285547247,155.0310775033144,-0.12551123210301568,0.8692471445275345,-2.54827851000195,-0.12551123210301568
48,LR.0,94.97574011807144,92.0,1.5707963267948966,88.21513676320498,91.95939744439464,1.541977156806984,6.760603354866461,0.040602555605360635,-0.02881916998791251
48,LR.1,97.64009766792616,95.2,1.5707963267948966,100.53111898036357,100.2877958702524,1.265665596435973,-2.8910213124374167,-5.087795870252393,-0.3051307303589235
48,RL.0,101.74105135084088,108.0,-1.5707963267948968,90.10488023042518,114.0133682726314,-1.140854963609991,11.636171120415696,-6.013368272631396,0.4299413631849059
48,UD.3,108.0,186.2208396343098,0.0,108.85741650811521,195.11792755025613,0.026532418584901827,-0.8574165081152074,-8.897087915946315,0.026532418584901827
48,UD.4,108.0,162.0710190806857,0.0,109.70352811656451,155.05977528936938,-0.37829489068238337,-1.703528116564513,7.0112437913163035,-0.37829489068238337
49,LR.0,101.08212265931348,92.0,1.5707963267948966,104.30352499659169,90.04059092163394,0.9960718766385299,-3.2214023372782066,1.9594090783660647,-0.5747244501563666
49,LR.1,105.9290957314409,95.2,1.5707963267948966,105.84827468513903,94.16576315464555,1.422529609462863,0.08082104630186393,1.0342368453544566,-0.14826671733203356
49,RL.0,92.83245765602175,108.0,-1.5707963267948968,91.91030848532446,111.43576095494645,-1.4215137855745028,0.9221491706972813,-3.4357609549464456,0.14928254122039405
49,UD.3,108.0,196.40370089653445,0.0,99.16293110516959,196.52686515740973,0.2885546582861217,8.83706889483041,-0.12316426087528498,0.2885546582861217
49,UD.4,108.0,171.616639892211,0.0,114.81551329396008,168.6419384304697,-0.2910892136362202,-6.81551329396008,2.97470146174129,-0.2910892136362202
50,LR.0,109.7395215452211,92.0,1.5707963267948966,113.65267556243036,87.8925650069201,1.7905560811019228,-3.9131540172092656,4.107434993079906,0.21975975430702627
50,LR.1,114.07034831768716,95.2,1.5707963267948966,110.74134553857849,97.76378089127107,1.3558188355740695,3.329002779108677,-2.5637808912710653,-0.21497749122082715
50,RL.0,83.84026176370801,108.0,-1.5707963267948968,82.79966838294177,106.16890251458197,-1.7550161274156846,1.0405933807662393,1.8310974854180273,-0.18421980062078783
50,UD.4,108.0,181.58061256459297,0.0,108.0449418621977,183.10771204265242,-0.2108225338790591,-0.04494186219770313,-1.527099478059455,-0.2108225338790591
51,LR.0,120.02363603737405,92.0,1.5707963267948966,121.44952556667124,92.1489597833063,1.3630001653967398,-1.4258895292971943,-0.1489597833062959,-0.20779616139815663
51,LR.1,121.29535316417417,95.2,1.5707963267948966,128.36500499280484,95.27268960743474,1.3297461696279467,-7.069651828630668,-0.0726896074347394,-0.2410501571669499
51,RL.0,75.06816383634978,108.0,-1.5707963267948968,74.73860714978356,106.18519865618708,-1.8248603992263863,0.32955668656622095,1.814801343812917,-0.2540640724314896
51,UD.4,108.0,191.5559449828676,0.0,106.98896792411362,193.6705759966493,-0.24666604100464232,1.0110320758863764,-2.1146310137816897,-0.24666604100464232
52,LR.0,130.33185711855654,92.0,1.5707963267948966,126.28791475884645,97.70119278797559,1.4170656516282587,4.043942359710087,-5.701192787975586,-0.1537306751666378
52,LR.1,129.1867588819706,95.2,1.5707963267948966,134.90301777846156,101.18060306268583,1.5029733090959285,-5.716258896490956,-5.98060306268583,-0.06782301769896813
52,RL.0,66.85485274269693,108.0,-1.5707963267948968,66.51452904782116,106.98219017762315,-1.5496298969233462,0.34032369487577796,1.0178098223768473,0.02116642987155052
53,LR.0,141.13676298215557,92.0,1.5707963267948966,135.0729360388186,89.51615025035525,1.4517582145733794,6.063826943336977,2.4838497496447474,-0.11903811222151722
53,LR.1,137.34791150004708,95.2,1.5707963267948966,132.22474364674625,100.00319463056282,1.8126820113373638,5.123167853300828,-4.803194630562814,0.24188568454246737
53,RL.0,57.645114427028744,108.0,-1.5707963267948968,61.22396672370038,106.45145930841929,-1.1076121611586716,-3.5788522966716343,1.5485406915807118,0.46318416563622516
54,LR.0,150.7263777005203,92.0,1.5707963267948966,153.17561590421894,91.098064772452,1.77237012986509,-2.4492382036986555,0.9019352275479946,0.20157380307019335
54,LR.1,145.0286066749151,95.2,1.5707963267948966,152.74627081803058,100.82676471066534,1.925707464378375,-7.717664143115485,-5.626764710665341,0.3549111375834783
54,RL.0,48.86183044054854,108.0,-1.5707963267948968,48.240762958125394,113.80911552805836,-1.3550485787401878,0.6210674824231432,-5.809115528058356,0.2157477480547091
55,LR.0,161.15052148888233,92.0,1.5707963267948966,162.20509009481984,90.90475467002803,1.0632276356872246,-1.0545686059375043,1.0952453299719735,-0.507568691107672
55,LR.1,152.46934090373358,95.2,1.5707963267948966,152.1477746972606,106.3439547940751,1.4403754375098616,0.32156620647299405,-11.1439547940751,-0.130420889285035
55,RL.0,39.77303785116883,108.0,-1.5707963267948968,34.937659826913276,99.20407649752964,-1.397144775134943,4.835378024255554,8.795923502470359,0.1736515516599537
56,LR.0,171.64650741040506,92.0,1.5707963267948966,173.08149805453448,84.1287579844456,1.5945591499862928,-1.4349906441294138,7.871242015554401,0.02376282319139615
56,LR.1,159.6206735848016,95.2,1.5707963267948966,159.95863282173784,97.45934832710331,2.022920186400728,-0.33795923693622854,-2.259348327103311,0.45212385960583135
56,RL.0,31.304809000838375,108.0,-1.5707963267948968,25.699129233498752,111.84036243228825,-1.7192588109001639,5.605679767339623,-3.840362432288245,-0.14846248410526702
57,LR.0,181.51895978730823,92.0,1.5707963267948966,187.66203356436472,91.51121677530496,1.90101025830906,-6.143073777056486,0.488783224695041,0.33021393151416356
57,LR.1,167.32536973280764,95.2,1.5707963267948966,165.3176519093975,93.78954220588082,1.473645444470308,2.0077178234101325,1.410457794119182,-0.09715088232458859
57,RL.0,22.232803358164205,108.0,-1.5707963267948968,15.869347264058106,103.60089116377249,-2.3028345188191275,6.363456094106098,4.399108836227512,-0.7320381920242307
58,LR.0,191.7795750550564,92.0,1.5707963267948966,186.80266764566096,87.84948835231397,1.7921082977094243,4.976907409395437,4.150511647686031,0.22131197091452778
58,LR.1,175.2671806787188,95.2,1.5707963267948966,185.49751418115503,89.41777963302864,1.5129868099079704,-10.230333502436224,5.782220366971359,-0.05780951688692606
58,RL.0,13.540274289786169,108.0,-1.5707963267948968,9.59395817736567,114.62942184325384,-1.5603358086383483,3.946316112420499,-6.629421843253837,0.010460518156548528
59,LR.1,182.79525001505937,95.2,1.5707963267948966,184.32257814071815,99.445752829184,1.456313142633205,-1.5273281256587836,-4.245752829183999,-0.11448318416169158
59,RL.0,5.173695975399625,108.0,-1.5707963267948968,5.567662332181612,113.59561411952502,-1.1589451415679421,-0.39396635678198777,-5.595614119525024,0.41185118522695463
60,LR.1,190.74460783594444,95.2,1.5707963267948966,187.59900182531044,98.40668011061135,1.6972763545226528,3.1456060106339976,-3.2066801106113445,0.12648002772775624
61,LR.1,198.29013951302736,95.2,1.5707963267948966,198.20334435090516,90.71402651233683,1.9356396764409365,0.08679516212220051,4.485973487663173,0.36484334964604004
